ID,Reason Category,Inactive,Event Classification Name,Event Classification ID,General Event Subcategory ID,Reason,Manager Reason
Additional_Headcount_Request_Headcount_Request,Headcount Request,n,Additional Headcount Request,ADDITIONAL_HEADCOUNT_REQUEST,Additional_Headcount_Request_Headcount_Request_New_Project,New Project,y
Additional_Headcount_Request_Headcount_Request,Headcount Request,n,Additional Headcount Request,ADDITIONAL_HEADCOUNT_REQUEST,Additional_Headcount_Request_Headcount_Request_Understaffed,Understaffed,y
Request_Compensation_Change_Incentive,Incentive,n,Request Compensation Change,REQUEST_COMPENSATION_CHANGE,Request_Compensation_Change_Incentive_Assign_Bonus,Assign Bonus,y
Request_Compensation_Change_Incentive,Incentive,n,Request Compensation Change,REQUEST_COMPENSATION_CHANGE,Request_Compensation_Change_Incentive_One_Time_Payment,One Time Payment,y
Request_Compensation_Change_Incentive,Incentive,n,Request Compensation Change,REQUEST_COMPENSATION_CHANGE,Request_Compensation_Change_Incentive_Assign_Stock_Plan,Assign Stock Plan,y
Request_Compensation_Change_Adjustment,Adjustment,n,Request Compensation Change,REQUEST_COMPENSATION_CHANGE,Request_Compensation_Change_Adjustment_Ad_hoc,Ad-hoc,y
Request_Compensation_Change_Adjustment,Adjustment,n,Request Compensation Change,REQUEST_COMPENSATION_CHANGE,Request_Compensation_Change_Adjustment_Job_Change,Job Change,y
Request_Compensation_Change_Adjustment,Adjustment,n,Request Compensation Change,REQUEST_COMPENSATION_CHANGE,Request_Compensation_Change_Adjustment_Responsibility_Change,Responsibility Change,y
Request_Compensation_Change_Adjustment,Adjustment,n,Request Compensation Change,REQUEST_COMPENSATION_CHANGE,Request_Compensation_Change_Adjustment_Corrective_Adjustment,Corrective Adjustment,y
Request_Compensation_Change_Adjustment,Adjustment,n,Request Compensation Change,REQUEST_COMPENSATION_CHANGE,Request_Compensation_Change_Adjustment_Market_Adjustment,Market Adjustment,y
Request_Compensation_Change_Adjustment,Adjustment,n,Request Compensation Change,REQUEST_COMPENSATION_CHANGE,Request_Compensation_Change_Adjustment_Plan_Restructuring,Plan Restructuring,y
Request_Compensation_Change_Adjustment,Adjustment,n,Request Compensation Change,REQUEST_COMPENSATION_CHANGE,Request_Compensation_Change_Adjustment_Performance,Performance,y
Request_Compensation_Change_Adjustment,Adjustment,n,Request Compensation Change,REQUEST_COMPENSATION_CHANGE,Request_Compensation_Change_Adjustment_Plan_Assignment,Plan Assignment,y
Request_Compensation_Change_Adjustment,Adjustment,n,Request Compensation Change,REQUEST_COMPENSATION_CHANGE,Request_Compensation_Change_Adjustment_Pay_Increase,Pay Increase,y
Request_Compensation_Change_Adjustment,Adjustment,n,Request Compensation Change,REQUEST_COMPENSATION_CHANGE,Request_Compensation_Change_Adjustment_Cost_of_Living,Cost of Living,y
Request_Compensation_Change_Adjustment,Adjustment,n,Request Compensation Change,REQUEST_COMPENSATION_CHANGE,Request_Compensation_Change_Adjustment_Statutory,Statutory,y
Contract_Contingent_Worker_New_Contingent_Worker,New Contingent Worker,n,Contract Contingent Worker,CONTRACT_CONTINGENT_WORKER,Contract_Contingent_Worker_New_Contingent_Worker_New_Position,New Position,y
Contract_Contingent_Worker_New_Contingent_Worker,New Contingent Worker,n,Contract Contingent Worker,CONTRACT_CONTINGENT_WORKER,Contract_Contingent_Worker_New_Contingent_Worker_Vacant_Position,Vacant Position,y
Contract_Contingent_Worker_Existing_Contingent_Worker,Existing Contingent Worker,n,Contract Contingent Worker,CONTRACT_CONTINGENT_WORKER,Contract_Contingent_Worker_Existing_Contingent_Worker_New_Contract,New Contract,y
Contract_Contingent_Worker_Existing_Contingent_Worker,Existing Contingent Worker,n,Contract Contingent Worker,CONTRACT_CONTINGENT_WORKER,Contract_Contingent_Worker_Existing_Contingent_Worker_New_Position,New Position,y
Contract_Contingent_Worker_Existing_Contingent_Worker,Existing Contingent Worker,n,Contract Contingent Worker,CONTRACT_CONTINGENT_WORKER,Contract_Contingent_Worker_Existing_Contingent_Worker_Vacant_Position,Vacant Position,y
Contract_Contingent_Worker_Existing_Contingent_Worker,Existing Contingent Worker,n,Contract Contingent Worker,CONTRACT_CONTINGENT_WORKER,Contract_Contingent_Worker_Existing_Contingent_Worker_Renegotiated_Contract,Renegotiated Contract,n
Contract_Contingent_Worker_Existing_Contingent_Worker,Existing Contingent Worker,n,Contract Contingent Worker,CONTRACT_CONTINGENT_WORKER,Contract_Contingent_Worker_Existing_Contingent_Worker_Re_Contract_to_New_Organization,Re-Contract to New Organization,n
Demote_Employee_Demotion_Reason,Demotion Reason,n,Demote Employee,DEMOTE_EMPLOYEE,Demote_Employee_Demotion_Reason_Decrease_in_Responsibility,Decrease in Responsibility,y
Demote_Employee_Demotion_Reason,Demotion Reason,n,Demote Employee,DEMOTE_EMPLOYEE,Demote_Employee_Demotion_Reason_Attendance_Issues,Attendance Issues,y
Demote_Employee_Demotion_Reason,Demotion Reason,n,Demote Employee,DEMOTE_EMPLOYEE,Demote_Employee_Demotion_Reason_Misconduct,Misconduct,y
Demote_Employee_Demotion_Reason,Demotion Reason,n,Demote Employee,DEMOTE_EMPLOYEE,Demote_Employee_Demotion_Reason_Performance,Performance,y
Demote_Employee_Demotion_Reason,Demotion Reason,n,Demote Employee,DEMOTE_EMPLOYEE,Demote_Employee_Demotion_Reason_Job_Reclassification,Job Reclassification,y
Edit_Headcount_Headcount_Allocation,Headcount Allocation,n,Edit Headcount,EDIT_HEADCOUNT,Edit_Headcount_Headcount_Allocation_Reorganization,Reorganization,y
Edit_Headcount_Headcount_Allocation,Headcount Allocation,n,Edit Headcount,EDIT_HEADCOUNT,Edit_Headcount_Headcount_Allocation_New_Project,New Project,y
Edit_Headcount_Headcount_Allocation,Headcount Allocation,n,Edit Headcount,EDIT_HEADCOUNT,Edit_Headcount_Headcount_Allocation_Project_Scope_Change,Project Scope Change,n
Edit_Headcount_Headcount_Allocation,Headcount Allocation,n,Edit Headcount,EDIT_HEADCOUNT,Edit_Headcount_Headcount_Allocation_Budget_Cut,Budget Cut,y
Edit_Headcount_Change_In_Restrictions,Change In Restrictions,n,Edit Headcount,EDIT_HEADCOUNT,Edit_Headcount_Change_In_Restrictions_Restrictions_Added,Restrictions Added,y
Edit_Headcount_Change_In_Restrictions,Change In Restrictions,n,Edit Headcount,EDIT_HEADCOUNT,Edit_Headcount_Change_In_Restrictions_Restrictions_Removed,Restrictions Removed,y
Create_Headcount_Headcount_Request,Headcount Request,n,Create Headcount,CREATE_HEADCOUNT,Create_Headcount_Headcount_Request_Staff_New_Project,Staff New Project,y
Create_Headcount_Headcount_Request,Headcount Request,n,Create Headcount,CREATE_HEADCOUNT,Create_Headcount_Headcount_Request_Understaffed,Understaffed,y
Hire_Employee_New_Hire,New Hire,n,Hire Employee,HIRE_EMPLOYEE,Hire_Employee_New_Hire_Fill_Vacancy,Fill Vacancy,y
Hire_Employee_New_Hire,New Hire,n,Hire Employee,HIRE_EMPLOYEE,Hire_Employee_New_Hire_New_Position,New Position,y
Hire_Employee_New_Hire,New Hire,n,Hire Employee,HIRE_EMPLOYEE,Hire_Employee_New_Hire_Convert_Contingent,Convert Contingent,y
Hire_Employee_New_Hire,New Hire,n,Hire Employee,HIRE_EMPLOYEE,Hire_Employee_New_Hire_Acquisition,Acquisition,n
Hire_Employee_New_Hire,New Hire,n,Hire Employee,HIRE_EMPLOYEE,Hire_Employee_New_Hire_New_Graduate,New Graduate,n
Edit_Job_Group_Change_In_Restrictions,Change In Restrictions,n,Edit Job Group,EDIT_JOB_GROUP,Edit_Job_Group_Change_In_Restrictions_Restrictions_Added,Restrictions Added,y
Edit_Job_Group_Change_In_Restrictions,Change In Restrictions,n,Edit Job Group,EDIT_JOB_GROUP,Edit_Job_Group_Change_In_Restrictions_Restrictions_Removed,Restrictions Removed,y
Create_Job_Group_Job_Group_Request,Job Group Request,n,Create Job Group,CREATE_JOB_GROUP,Create_Job_Group_Job_Group_Request_New_Organization,New Organization,y
Edit_Position_Position_Time_Type,Position Time Type,n,Edit Position,EDIT_POSITION,Edit_Position_Position_Time_Type_Worker_Change_to_Full_Time,Worker Change to Full Time,n
Edit_Position_Position_Time_Type,Position Time Type,n,Edit Position,EDIT_POSITION,Edit_Position_Position_Time_Type_Worker_Change_to_Part_Time,Worker Change to Part Time,n
Edit_Position_Location,Location,n,Edit Position,EDIT_POSITION,Edit_Position_Location_Worker_Moved,Worker Moved,n
Edit_Position_Location,Location,n,Edit Position,EDIT_POSITION,Edit_Position_Location_Office_Moved,Office Moved,n
Edit_Position_Change_In_Restrictions,Change In Restrictions,n,Edit Position,EDIT_POSITION,Edit_Position_Change_In_Restrictions_Restrictions_Added,Restrictions Added,y
Edit_Position_Change_In_Restrictions,Change In Restrictions,n,Edit Position,EDIT_POSITION,Edit_Position_Change_In_Restrictions_Restrictions_Removed,Restrictions Removed,y
Edit_Position_Change_In_Restrictions,Change In Restrictions,n,Edit Position,EDIT_POSITION,Edit_Position_Change_In_Restrictions_Exclude_from_Headcount_International_Assignment,Exclude from Headcount - International Assignment,n
Close_Position_or_Headcount_Financial,Financial,n,Close Position or Headcount,CLOSE_POSITION_OR_HEADCOUNT,Close_Position_or_Headcount_Financial_Budget_Cut,Budget Cut,y
Close_Position_or_Headcount_Position_Group,Position Group,n,Close Position or Headcount,CLOSE_POSITION_OR_HEADCOUNT,Close_Position_or_Headcount_Position_Group_No_Longer_Needed,No Longer Needed,y
Freeze_Position_Headcount_or_Job_Group_Unfreeze,Unfreeze,n,"Freeze Position, Headcount, or Job Group",FREEZE_POSITION_HEADCOUNT_OR_JOB_GROUP,Freeze_Position_Headcount_or_Job_Group_Unfreeze_Organization_Structure_Review_Complete,Organization Structure Review Complete,n
Freeze_Position_Headcount_or_Job_Group_Unfreeze,Unfreeze,n,"Freeze Position, Headcount, or Job Group",FREEZE_POSITION_HEADCOUNT_OR_JOB_GROUP,Freeze_Position_Headcount_or_Job_Group_Unfreeze_Budget_Unfrozen,Budget Unfrozen,y
Create_Position_Position_Request,Position Request,n,Create Position,CREATE_POSITION,Create_Position_Position_Request_Staff_New_Project,Staff New Project,y
Create_Position_Position_Request,Position Request,n,Create Position,CREATE_POSITION,Create_Position_Position_Request_Understaffed,Understaffed,y
Promote_Employee_Standard,Standard,n,Promote Employee,PROMOTE_EMPLOYEE,Promote_Employee_Standard_Increase_in_Responsibility,Increase in Responsibility,y
Promote_Employee_Standard,Standard,n,Promote Employee,PROMOTE_EMPLOYEE,Promote_Employee_Standard_Job_Reclassification,Job Reclassification,y
Promote_Employee_Standard,Standard,n,Promote Employee,PROMOTE_EMPLOYEE,Promote_Employee_Standard_Performance,Performance,y
Promote_Employee_Standard,Standard,n,Promote Employee,PROMOTE_EMPLOYEE,Promote_Employee_Standard_Reorganization,Reorganization,y
Promote_Employee_Step,Step,n,Promote Employee,PROMOTE_EMPLOYEE,Promote_Employee_Step_Length_of_Service,Length of Service,y
Promote_Employee_Step,Step,n,Promote Employee,PROMOTE_EMPLOYEE,Promote_Employee_Step_Time_in_Job,Time in Job,y
Transfer_Contingent_Worker_Transfer_Reason,Transfer Reason,n,Transfer Contingent Worker,TRANSFER_CONTINGENT_WORKER,Transfer_Contingent_Worker_Transfer_Reason_Contract_Extension,Contract Extension,y
Transfer_Contingent_Worker_Transfer_Reason,Transfer Reason,n,Transfer Contingent Worker,TRANSFER_CONTINGENT_WORKER,Transfer_Contingent_Worker_Transfer_Reason_Renegotiated_Contract,Renegotiated Contract,y
Transfer_Contingent_Worker_Transfer_Reason,Transfer Reason,n,Transfer Contingent Worker,TRANSFER_CONTINGENT_WORKER,Transfer_Contingent_Worker_Transfer_Reason_Organization_Change,Organization Change,n
Transfer_Contingent_Worker_Transfer_Reason,Transfer Reason,n,Transfer Contingent Worker,TRANSFER_CONTINGENT_WORKER,Transfer_Contingent_Worker_Transfer_Reason_Assignment_Completion,Assignment Completion,n
Transfer_Employee_Temporary,Temporary,n,Transfer Employee,TRANSFER_EMPLOYEE,Transfer_Employee_Temporary_Job_Rotation,Job Rotation,y
Transfer_Employee_Temporary,Temporary,n,Transfer Employee,TRANSFER_EMPLOYEE,Transfer_Employee_Temporary_On_Assignment,On Assignment,y
Transfer_Employee_Permanent,Permanent,n,Transfer Employee,TRANSFER_EMPLOYEE,Transfer_Employee_Permanent_Manager_Request,Manager Request,n
Transfer_Employee_Permanent,Permanent,n,Transfer Employee,TRANSFER_EMPLOYEE,Transfer_Employee_Permanent_Relocation,Relocation,y
Transfer_Employee_Permanent,Permanent,n,Transfer Employee,TRANSFER_EMPLOYEE,Transfer_Employee_Permanent_Promotion,Promotion,y
Transfer_Employee_Permanent,Permanent,n,Transfer Employee,TRANSFER_EMPLOYEE,Transfer_Employee_Permanent_Demotion,Demotion,n
Transfer_Employee_Permanent,Permanent,n,Transfer Employee,TRANSFER_EMPLOYEE,Transfer_Employee_Permanent_Reorganization,Reorganization,y
Transfer_Employee_Permanent,Permanent,n,Transfer Employee,TRANSFER_EMPLOYEE,Transfer_Employee_Permanent_Employee_Request,Employee Request,y
Freeze_Position_Headcount_or_Job_Group_Freeze,Freeze,n,"Freeze Position, Headcount, or Job Group",FREEZE_POSITION_HEADCOUNT_OR_JOB_GROUP,Freeze_Position_Headcount_or_Job_Group_Freeze_Budget_Freeze,Budget Freeze,y
Freeze_Position_Headcount_or_Job_Group_Freeze,Freeze,n,"Freeze Position, Headcount, or Job Group",FREEZE_POSITION_HEADCOUNT_OR_JOB_GROUP,Freeze_Position_Headcount_or_Job_Group_Freeze_Hold_for_Organization_Structure_Review,Hold for Organization Structure Review,n
Request_Compensation_Change_Conversion,Conversion,n,Request Compensation Change,REQUEST_COMPENSATION_CHANGE,Request_Compensation_Change_Conversion_Conversion,Conversion,y
Request_Compensation_Change_Base_Salary_Change,Base Salary Change,n,Request Compensation Change,REQUEST_COMPENSATION_CHANGE,Request_Compensation_Change_Base_Salary_Change_Currency_Change,Currency Change,y
Request_Compensation_Change_Automatic_Step_Progression,Automatic Step Progression,n,Request Compensation Change,REQUEST_COMPENSATION_CHANGE,Request_Compensation_Change_Automatic_Step_Progression_Time_in_Step,Time in Step,y
Stock_Grant_Incentive,Incentive,n,Stock Grant,STOCK_GRANT,Stock_Grant_Incentive_Performance,Performance,y
Stock_Grant_Incentive,Incentive,n,Stock Grant,STOCK_GRANT,Stock_Grant_Incentive_Outstanding_Contributor,Outstanding Contributor,y
Stock_Grant_Incentive,Incentive,n,Stock Grant,STOCK_GRANT,Stock_Grant_Incentive_Stock,Stock,y
Add_Additional_Contingent_Worker_Contract_New_Assignment,New Assignment,n,Add Additional Contingent Worker Contract,ADD_ADDITIONAL_CW,Add_Additional_Contingent_Worker_Contract_New_Assignment_Vacant_Position,Vacant Position,y
Add_Additional_Contingent_Worker_Contract_New_Assignment,New Assignment,n,Add Additional Contingent Worker Contract,ADD_ADDITIONAL_CW,Add_Additional_Contingent_Worker_Contract_New_Assignment_New_Position,New Position,y
Add_Additional_Employee_Job_New_Assignment,New Assignment,n,Add Additional Employee Job,ADD_ADDITIONAL_EMPLOYEE,Add_Additional_Employee_Job_New_Assignment_Vacant_Position,Vacant Position,y
Add_Additional_Employee_Job_New_Assignment,New Assignment,n,Add Additional Employee Job,ADD_ADDITIONAL_EMPLOYEE,Add_Additional_Employee_Job_New_Assignment_New_Position,New Position,y
Future_Payment_Incentive,Incentive,n,Future Payment,FUTURE_PAYMENT,Future_Payment_Incentive_Signing_Bonus,Signing Bonus,n
Future_Payment_Incentive,Incentive,n,Future Payment,FUTURE_PAYMENT,Future_Payment_Incentive_Referral,Referral,n
Future_Payment_Incentive,Incentive,n,Future Payment,FUTURE_PAYMENT,Future_Payment_Incentive_Award,Award,n
One_Time_Payment_Incentive,Incentive,n,One-Time Payment,AD-HOC_ONE-TIME_PAYMENT,One_Time_Payment_Incentive_Signing_Bonus,Signing Bonus,y
One_Time_Payment_Incentive,Incentive,n,One-Time Payment,AD-HOC_ONE-TIME_PAYMENT,One_Time_Payment_Incentive_Referral,Referral,y
One_Time_Payment_Incentive,Incentive,n,One-Time Payment,AD-HOC_ONE-TIME_PAYMENT,One_Time_Payment_Incentive_Award,Award,y
One_Time_Payment_Incentive,Incentive,n,One-Time Payment,AD-HOC_ONE-TIME_PAYMENT,One_Time_Payment_Incentive_Performance,Performance,y
One_Time_Payment_Incentive,Incentive,n,One-Time Payment,AD-HOC_ONE-TIME_PAYMENT,One_Time_Payment_Incentive_Lump_Sum,Lump Sum,y
One_Time_Payment_Incentive,Incentive,n,One-Time Payment,AD-HOC_ONE-TIME_PAYMENT,One_Time_Payment_Incentive_Bonus,Bonus,y
One_Time_Payment_Incentive,Incentive,n,One-Time Payment,AD-HOC_ONE-TIME_PAYMENT,One_Time_Payment_Incentive_Merit,Merit,y
One_Time_Payment_Incentive,Incentive,n,One-Time Payment,AD-HOC_ONE-TIME_PAYMENT,One_Time_Payment_Incentive_Stock,Stock,y
Add_Retiree_Status_Involuntary,Involuntary,n,Add Retiree Status,ADD_RETIREE_STATUS,Add_Retiree_Status_Involuntary_Illness,Illness,y
Add_Retiree_Status_Involuntary,Involuntary,n,Add Retiree Status,ADD_RETIREE_STATUS,Add_Retiree_Status_Involuntary_Other,Other,y
Add_Retiree_Status_Voluntary,Voluntary,n,Add Retiree Status,ADD_RETIREE_STATUS,Add_Retiree_Status_Voluntary_Reached_retirement_age,Reached retirement age,y
Add_Retiree_Status_Voluntary,Voluntary,n,Add Retiree Status,ADD_RETIREE_STATUS,Add_Retiree_Status_Voluntary_Early_retirement,Early retirement,y
Add_Retiree_Status_Voluntary,Voluntary,n,Add Retiree Status,ADD_RETIREE_STATUS,Add_Retiree_Status_Voluntary_Elected_to_retire,Elected to retire,y
Remove_Retiree_Status_Involuntary,Involuntary,n,Remove Retiree Status,REMOVE_RETIREE_STATUS,Remove_Retiree_Status_Involuntary_No_longer_meets_retiree_requirements,No longer meets retiree requirements,y
Remove_Retiree_Status_Involuntary,Involuntary,n,Remove Retiree Status,REMOVE_RETIREE_STATUS,Remove_Retiree_Status_Involuntary_Rehired,Rehired,y
Remove_Retiree_Status_Voluntary,Voluntary,n,Remove Retiree Status,REMOVE_RETIREE_STATUS,Remove_Retiree_Status_Voluntary_Illness,Illness,n
Remove_Retiree_Status_Voluntary,Voluntary,n,Remove Retiree Status,REMOVE_RETIREE_STATUS,Remove_Retiree_Status_Voluntary_Death,Death,n
Merit_Increase_in_Responsibilities,Increase in Responsibilities,n,Merit,COMPENSATION_CHANGE_FOR_MERIT_PLAN,Merit_Increase_in_Responsibilities_Acquisition_of_New_Skills,Acquisition of New Skills,n
Merit_Increase_in_Responsibilities,Increase in Responsibilities,n,Merit,COMPENSATION_CHANGE_FOR_MERIT_PLAN,Merit_Increase_in_Responsibilities_Change_in_Duties,Change in Duties,n
Merit_Increase_in_Responsibilities,Increase in Responsibilities,n,Merit,COMPENSATION_CHANGE_FOR_MERIT_PLAN,Merit_Increase_in_Responsibilities_High_Performer,High Performer,n
Merit_Performance,Performance,n,Merit,COMPENSATION_CHANGE_FOR_MERIT_PLAN,Merit_Performance_Annual_Performance_Appraisal,Annual Performance Appraisal,n
Merit_Performance,Performance,n,Merit,COMPENSATION_CHANGE_FOR_MERIT_PLAN,Merit_Performance_Adhoc_Review,Adhoc Review,n
Merit_Performance,Performance,n,Merit,COMPENSATION_CHANGE_FOR_MERIT_PLAN,Merit_Performance_Completion_of_Goals,Completion of Goal(s),n
Start_International_Assignment_Employee_Factors,Employee Factors,n,Start International Assignment,ADD_INT_ASSIGNMENT_EMP,Start_International_Assignment_Employee_Factors_Development_Assignment,Development Assignment,y
Start_International_Assignment_Host_Country_Factors,Host Country Factors,n,Start International Assignment,ADD_INT_ASSIGNMENT_EMP,Start_International_Assignment_Host_Country_Factors_Local_Resource_Unavailable,Local Resource Unavailable,y
Start_International_Assignment_Skills_Factors,Skills Factors,n,Start International Assignment,ADD_INT_ASSIGNMENT_EMP,Start_International_Assignment_Skills_Factors_Skills_Transfer,Skills Transfer,y
Start_International_Assignment_Skills_Factors,Skills Factors,n,Start International Assignment,ADD_INT_ASSIGNMENT_EMP,Start_International_Assignment_Skills_Factors_Domestic_Secondment_Shukko,Domestic Secondment (Shukko),y
Edit_Position_Change_in_Contract,Change in Contract,n,Edit Position,EDIT_POSITION,Edit_Position_Change_in_Contract_Contract_Extended,Contract Extended,n
Create_Job_Requisition_Replacement,Replacement,n,Create Job Requisition,CREATE_JOB_REQUISITION,Create_Job_Requisition_Replacement_Employee_has_resigned_or_transferred,Employee has resigned or transferred,y
Create_Job_Requisition_Replacement,Replacement,n,Create Job Requisition,CREATE_JOB_REQUISITION,Create_Job_Requisition_Replacement_Employee_terminated,Employee terminated,y
Create_Job_Requisition_Administrative,Administrative,n,Create Job Requisition,CREATE_JOB_REQUISITION,Create_Job_Requisition_Administrative_Non_competitive_fill_no_recruiting_required,Non-competitive fill; no recruiting required,y
Edit_Job_Requisition_Administrative,Administrative,n,Edit Job Requisition,EDIT_JOB_REQUISITION,Edit_Job_Requisition_Administrative_Update_Hiring_Requirements,Update Hiring Requirements,y
Edit_Job_Requisition_Administrative,Administrative,n,Edit Job Requisition,EDIT_JOB_REQUISITION,Edit_Job_Requisition_Administrative_Update_Qualifications,Update Qualifications,n
Edit_Job_Requisition_Administrative,Administrative,n,Edit Job Requisition,EDIT_JOB_REQUISITION,Edit_Job_Requisition_Administrative_Update_Target_Hire_Date,Update Target Hire Date,y
Edit_Job_Requisition_Administrative,Administrative,n,Edit Job Requisition,EDIT_JOB_REQUISITION,Edit_Job_Requisition_Administrative_Update_Recruiting_Start_Date,Update Recruiting Start Date,n
Edit_Job_Requisition_Administrative,Administrative,n,Edit Job Requisition,EDIT_JOB_REQUISITION,Edit_Job_Requisition_Administrative_Update_Job_Title_Description_or_Justification,"Update Job Title, Description or Justification",y
Edit_Job_Requisition_Administrative,Administrative,n,Edit Job Requisition,EDIT_JOB_REQUISITION,Edit_Job_Requisition_Administrative_Minor_Edit_No_Reposting_Needed,Minor Edit - No Reposting Needed,n
Edit_Job_Requisition_Administrative,Administrative,n,Edit Job Requisition,EDIT_JOB_REQUISITION,Edit_Job_Requisition_Administrative_Increase_Position_Count,Increase Position Count,y
Edit_Job_Requisition_Administrative,Administrative,n,Edit Job Requisition,EDIT_JOB_REQUISITION,GENERAL_EVENT_SUBCATEGORY-16-202,Update Job Application Template,n
Close_Job_Requisition_Recruiting,Recruiting,n,Close Job Requisition,CLOSE_JOB_REQUISITION,Close_Job_Requisition_Recruiting_No_longer_recruiting_position_no_longer_needed,No longer recruiting; position no longer needed,y
Close_Job_Requisition_Administrative,Administrative,n,Close Job Requisition,CLOSE_JOB_REQUISITION,Close_Job_Requisition_Administrative_Position_closed,Position closed,y
Close_Job_Requisition_Administrative,Administrative,n,Close Job Requisition,CLOSE_JOB_REQUISITION,Close_Job_Requisition_Administrative_Opened_in_error,Opened in error,y
Hire_Employee_Recall,Recall,n,Hire Employee,HIRE_EMPLOYEE,Hire_Employee_Recall_Recall,Recall,n
Hire_Employee_Rehire,Rehire,n,Hire Employee,HIRE_EMPLOYEE,Hire_Employee_Rehire_Fill_Vacancy,Fill Vacancy,y
Hire_Employee_Rehire,Rehire,n,Hire Employee,HIRE_EMPLOYEE,Hire_Employee_Rehire_New_Position,New Position,y
Statutory_Compensation_Statement_Job_Change,Job Change,n,Statutory Compensation Statement,STATUTORY_COMPENSATION_STATEMENT,Statutory_Compensation_Statement_Job_Change_Transfer,Transfer,n
Statutory_Compensation_Statement_Job_Change,Job Change,n,Statutory Compensation Statement,STATUTORY_COMPENSATION_STATEMENT,Statutory_Compensation_Statement_Job_Change_Ad_hoc,Ad-hoc,n
Statutory_Compensation_Statement_Job_Change,Job Change,n,Statutory Compensation Statement,STATUTORY_COMPENSATION_STATEMENT,Statutory_Compensation_Statement_Job_Change_Demotion,Demotion,n
Statutory_Compensation_Statement_Job_Change,Job Change,n,Statutory Compensation Statement,STATUTORY_COMPENSATION_STATEMENT,Statutory_Compensation_Statement_Job_Change_Promotion,Promotion,n
Statutory_Compensation_Statement_Recurring,Recurring,n,Statutory Compensation Statement,STATUTORY_COMPENSATION_STATEMENT,Statutory_Compensation_Statement_Recurring_Yearly_pay_notice,Yearly pay notice,n
Statutory_Compensation_Statement_Hire,Hire,n,Statutory Compensation Statement,STATUTORY_COMPENSATION_STATEMENT,Statutory_Compensation_Statement_Hire_Acknowledgement_of_compensation_package,Acknowledgement of compensation package,n
Switch_Primary_Job_Primary_Job_Change,Primary Job Change,n,Switch Primary Job,SWITCH_PRIMARY_JOB,Switch_Primary_Job_Primary_Job_Change_New_job_is_primary,New job is primary,n
Switch_Primary_Job_Primary_Job_Change,Primary Job Change,n,Switch Primary Job,SWITCH_PRIMARY_JOB,Switch_Primary_Job_Primary_Job_Change_Change_in_job_responsibilities,Change in job responsibilities,n
Switch_Primary_Job_Primary_Job_Change,Primary Job Change,n,Switch Primary Job,SWITCH_PRIMARY_JOB,Switch_Primary_Job_Primary_Job_Change_Primary_job_is_ending,Primary job is ending,n
Switch_Primary_Job_Primary_Job_Change,Primary Job Change,n,Switch Primary Job,SWITCH_PRIMARY_JOB,Switch_Primary_Job_Primary_Job_Change_Change_in_hours,Change in hours,n
Merit_Adjustment,Adjustment,n,Merit,COMPENSATION_CHANGE_FOR_MERIT_PLAN,Merit_Adjustment_Statutory_Adjustment,Statutory Adjustment,n
Merit_Adjustment,Adjustment,n,Merit,COMPENSATION_CHANGE_FOR_MERIT_PLAN,Merit_Adjustment_Cost_of_Living_Adjustment,Cost of Living Adjustment,n
Severance_Assignment_Severance_Reasons,Severance Reasons,n,Severance Assignment,SEVERANCE_ASSIGNMENT,Severance_Assignment_Severance_Reasons_Layoff,Layoff,n
Severance_Assignment_Severance_Reasons,Severance Reasons,n,Severance Assignment,SEVERANCE_ASSIGNMENT,Severance_Assignment_Severance_Reasons_Site_Closure,Site Closure,n
Severance_Assignment_Severance_Reasons,Severance Reasons,n,Severance Assignment,SEVERANCE_ASSIGNMENT,Severance_Assignment_Severance_Reasons_Early_Retirement,Early Retirement,n
Severance_Assignment_Severance_Reasons,Severance Reasons,n,Severance Assignment,SEVERANCE_ASSIGNMENT,Severance_Assignment_Severance_Reasons_Job_Elimination,Job Elimination,n
Severance_Assignment_Severance_Reasons,Severance Reasons,n,Severance Assignment,SEVERANCE_ASSIGNMENT,Severance_Assignment_Severance_Reasons_Ad_Hoc_Severance,Ad Hoc Severance,n
Create_Job_Requisition_New_position,New position,n,Create Job Requisition,CREATE_JOB_REQUISITION,Create_Job_Requisition_New_position_Previously_approved_staff_addition,Previously approved staff addition,y
Create_Job_Requisition_New_position,New position,n,Create Job Requisition,CREATE_JOB_REQUISITION,Create_Job_Requisition_New_position_Requesting_additional_staff,Requesting additional staff,y
Create_Job_Requisition_New_position,New position,n,Create Job Requisition,CREATE_JOB_REQUISITION,Create_Job_Requisition_New_position_Temporary_hire_project_based_need,Temporary hire - project based need,y
Freeze_Job_Requisition_Unfreeze,Unfreeze,n,Freeze Job Requisition,Freeze_Job_Requisition,Freeze_Job_Requisition_Unfreeze_Budget_Unfrozen,Budget Unfrozen,y
Freeze_Job_Requisition_Unfreeze,Unfreeze,n,Freeze Job Requisition,Freeze_Job_Requisition,Freeze_Job_Requisition_Unfreeze_Hold_for_Organization_Structure_Review,Hold for Organization Structure Review,n
Freeze_Job_Requisition_Freeze,Freeze,n,Freeze Job Requisition,Freeze_Job_Requisition,Freeze_Job_Requisition_Freeze_Budget_Freeze,Budget Freeze,y
Freeze_Job_Requisition_Freeze,Freeze,n,Freeze Job Requisition,Freeze_Job_Requisition,Freeze_Job_Requisition_Freeze_Hold_for_Organization_Structure_Review,Hold for Organization Structure Review,n
Committee_Member_Service_Loss_of_Membership,Loss of Membership,n,Committee Member Service,COMMITTEE_MEMBER_SERVICE,Committee_Member_Service_Loss_of_Membership_Election,Election,n
Committee_Member_Service_Loss_of_Membership,Loss of Membership,n,Committee Member Service,COMMITTEE_MEMBER_SERVICE,Committee_Member_Service_Loss_of_Membership_Employment,Employment,n
Committee_Member_Service_Loss_of_Membership,Loss of Membership,n,Committee Member Service,COMMITTEE_MEMBER_SERVICE,Committee_Member_Service_Loss_of_Membership_Term_Expiration,Term Expiration,n
Committee_Member_Service_New_Membership,New Membership,n,Committee Member Service,COMMITTEE_MEMBER_SERVICE,Committee_Member_Service_New_Membership_Election,Election,n
Committee_Member_Service_New_Membership,New Membership,n,Committee Member Service,COMMITTEE_MEMBER_SERVICE,Committee_Member_Service_New_Membership_Member_Replacement,Member Replacement,n
Committee_Member_Service_New_Membership,New Membership,n,Committee Member Service,COMMITTEE_MEMBER_SERVICE,Committee_Member_Service_New_Membership_New_Committee,New Committee,n
Committee_Member_Service_New_Membership,New Membership,n,Committee Member Service,COMMITTEE_MEMBER_SERVICE,Committee_Member_Service_New_Membership_New_Committee_Member,New Committee Member,n
Move_to_New_Manager_Move_to_new_manager,Move to new manager,n,Move to New Manager,MOVE_TO_NEW_MANAGER,Move_to_New_Manager_Move_to_new_manager_Move_to_another_manager,Move to another manager,y
Move_to_New_Manager_Move_to_new_manager,Move to new manager,n,Move to New Manager,MOVE_TO_NEW_MANAGER,Move_to_New_Manager_Move_to_new_manager_Promotion,Promotion,y
Worker_Resignation_Voluntary,Voluntary,n,Worker Resignation,WORKER_RESIGNATION,Worker_Resignation_Voluntary_Commute_Time,Commute Time,n
Worker_Resignation_Voluntary,Voluntary,n,Worker Resignation,WORKER_RESIGNATION,Worker_Resignation_Voluntary_Confidential,Confidential,n
Worker_Resignation_Voluntary,Voluntary,n,Worker Resignation,WORKER_RESIGNATION,Worker_Resignation_Voluntary_Dissatisfied_with_Job,Dissatisfied with Job,n
Worker_Resignation_Voluntary,Voluntary,n,Worker Resignation,WORKER_RESIGNATION,Worker_Resignation_Voluntary_Dissatisfied_with_Management,Dissatisfied with Management,n
Worker_Resignation_Voluntary,Voluntary,n,Worker Resignation,WORKER_RESIGNATION,Worker_Resignation_Voluntary_Dissatisfied_with_Pay,Dissatisfied with Pay,n
Worker_Resignation_Voluntary,Voluntary,n,Worker Resignation,WORKER_RESIGNATION,Worker_Resignation_Voluntary_Family_Reasons,Family Reasons,n
Worker_Resignation_Voluntary,Voluntary,n,Worker Resignation,WORKER_RESIGNATION,Worker_Resignation_Voluntary_Hired_by_Competitor,Hired by Competitor,n
Worker_Resignation_Voluntary,Voluntary,n,Worker Resignation,WORKER_RESIGNATION,Worker_Resignation_Voluntary_Moved,Moved,n
Worker_Resignation_Voluntary,Voluntary,n,Worker Resignation,WORKER_RESIGNATION,Worker_Resignation_Voluntary_Other,Other,n
Worker_Resignation_Voluntary,Voluntary,n,Worker Resignation,WORKER_RESIGNATION,Worker_Resignation_Voluntary_Other_Employment,Other Employment,n
Worker_Resignation_Voluntary,Voluntary,n,Worker Resignation,WORKER_RESIGNATION,Worker_Resignation_Voluntary_Retirement,Retirement,n
Manage_Medicare_Information_Update_Exisiting_Medicare_Information,Update Exisiting Medicare Information,n,Manage Medicare Information,MANAGE_MEDICARE_INFORMATION,Manage_Medicare_Information_Update_Exisiting_Medicare_Information_Employee,Employee,n
Manage_Medicare_Information_Update_Exisiting_Medicare_Information,Update Exisiting Medicare Information,n,Manage Medicare Information,MANAGE_MEDICARE_INFORMATION,Manage_Medicare_Information_Update_Exisiting_Medicare_Information_Dependent,Dependent,n
Manage_Medicare_Information_Add_New_Medicare_Information,Add New Medicare Information,n,Manage Medicare Information,MANAGE_MEDICARE_INFORMATION,Manage_Medicare_Information_Add_New_Medicare_Information_Employee,Employee,n
Manage_Medicare_Information_Add_New_Medicare_Information,Add New Medicare Information,n,Manage Medicare Information,MANAGE_MEDICARE_INFORMATION,Manage_Medicare_Information_Add_New_Medicare_Information_Dependent,Dependent,n
Create_Position_Acquisition,Acquisition,n,Create Position,CREATE_POSITION,Create_Position_Acquisition_Acquisition,Acquisition,n
Create_Job_Requisition_Acquisition,Acquisition,n,Create Job Requisition,CREATE_JOB_REQUISITION,Create_Job_Requisition_Acquisition_Acquisition,Acquisition,n
Hire_Employee_Acquisition,Acquisition,n,Hire Employee,HIRE_EMPLOYEE,Hire_Employee_Acquisition_Acquisition_Hire,Acquisition Hire,n
Post_Termination_Compensation_Post_Termination_Compensation,Post Termination Compensation,n,Post Termination Compensation,REQUEST_POST_TERMINATION_COMPENSATION,Post_Termination_Compensation_Post_Termination_Compensation_Post_Termination_Compensation,Post Termination Compensation,n
Wage_Theft_Prevention_Notice_Wage_Theft_Prevention_Notice,Wage Theft Prevention Notice,n,Wage Theft Prevention Notice,AD-HOC_WAGE_THEFT_NOTICE,Wage_Theft_Prevention_Notice_Wage_Theft_Prevention_Notice_Wage_Theft_Prevention_Notice,Wage Theft Prevention Notice,n
Request_Compensation_Change_International_Assignment,International Assignment,n,Request Compensation Change,REQUEST_COMPENSATION_CHANGE,Request_Compensation_Change_International_Assignment_Start_International_Assignment,Start International Assignment,y
Request_Compensation_Change_International_Assignment,International Assignment,n,Request Compensation Change,REQUEST_COMPENSATION_CHANGE,Request_Compensation_Change_International_Assignment_End_International_Assignment,End International Assignment,y
Add_Additional_Employee_Job_Secondment,Secondment,n,Add Additional Employee Job,ADD_ADDITIONAL_EMPLOYEE,Add_Additional_Employee_Job_Secondment_International_Assignment_Backfill,International Assignment Backfill,y
Add_Additional_Employee_Job_Secondment,Secondment,n,Add Additional Employee Job,ADD_ADDITIONAL_EMPLOYEE,Add_Additional_Employee_Job_Secondment_Leave_of_Absence_Backfill,Leave of Absence Backfill,y
Add_Additional_Employee_Job_Secondment,Secondment,n,Add Additional Employee Job,ADD_ADDITIONAL_EMPLOYEE,Add_Additional_Employee_Job_Secondment_Project_Backfill,Project Backfill,y
Add_Additional_Employee_Job_Secondment,Secondment,n,Add Additional Employee Job,ADD_ADDITIONAL_EMPLOYEE,Add_Additional_Employee_Job_Secondment_Vacant_Position,Vacant Position,y
Request_Compensation_Change_Higher_Duties,Higher Duties,n,Request Compensation Change,REQUEST_COMPENSATION_CHANGE,Request_Compensation_Change_Higher_Duties_Higher_Duties,Higher Duties,y